İLÇE,MAHALLE,HANE SAYISI
ADALAR,BURGAZADA,5
ADALAR,HEYBELIADA,22
ADALAR,KINALIADA,13
ADALAR,MADEN,27
ADALAR,NIZAM,20
ARNAVUTKOY,ADNAN MENDERES,127
ARNAVUTKOY,ANADOLU,1360
ARNAVUTKOY,ARNAVUTKOY MERKEZ,309
ARNAVUTKOY,ATATURK,420
ARNAVUTKOY,BAKLALI,8
ARNAVUTKOY,BALABAN,1
ARNAVUTKOY,BOGAZKOY ISTIKLAL,521
ARNAVUTKOY,BOLLUCA,180
ARNAVUTKOY,BOYALIK,6
ARNAVUTKOY,CILINGIR,7
ARNAVUTKOY,DELIKLIKAYA,171
ARNAVUTKOY,DURSUNKOY,3
ARNAVUTKOY,DURUSU,7
ARNAVUTKOY,FATIH,82
ARNAVUTKOY,HACIMASLI,6
ARNAVUTKOY,HADIMKOY,251
ARNAVUTKOY,HARACCI,244
ARNAVUTKOY,HASTANE,97
ARNAVUTKOY,HICRET,83
ARNAVUTKOY,IMRAHOR,320
ARNAVUTKOY,ISLAMBEY,614
ARNAVUTKOY,KARABURUN,9
ARNAVUTKOY,KARLIBAYIR,250
ARNAVUTKOY,MARESAL FEVZI CAKMAK,83
ARNAVUTKOY,MAVIGOL,201
ARNAVUTKOY,MEHMET AKIF ERSOY,94
ARNAVUTKOY,MUSTAFA KEMAL PASA,268
ARNAVUTKOY,NENEHATUN,225
ARNAVUTKOY,OMERLI,52
ARNAVUTKOY,SAZLIBOSNA,5
ARNAVUTKOY,TASOLUK,124
ARNAVUTKOY,TAYAKADIN,30
ARNAVUTKOY,TERKOS,6
ARNAVUTKOY,YASSIOREN,2
ARNAVUTKOY,YAVUZ SELIM,306
ARNAVUTKOY,YENIKOY,15
ARNAVUTKOY,YESILBAYIR,2
ARNAVUTKOY,YUNUS EMRE,912
ATASEHIR,ASIKVEYSEL,453
ATASEHIR,ATATURK,7
ATASEHIR,BARBAROS,366
ATASEHIR,ESATPASA,491
ATASEHIR,FERHATPASA,414
ATASEHIR,FETIH,54
ATASEHIR,ICERENKOY,488
ATASEHIR,INONU,215
ATASEHIR,KAYISDAGI,649
ATASEHIR,KUCUKBAKKALKOY,93
ATASEHIR,MEVLANA,223
ATASEHIR,MIMAR SINAN,296
ATASEHIR,MUSTAFA KEMAL,539
ATASEHIR,ORNEK,199
ATASEHIR,TEVFIKBEY,1
ATASEHIR,YENI CAMLICA,291
ATASEHIR,YENISAHRA,426
ATASEHIR,YENISEHIR,18
AVCILAR,ALTINSEHIR,1
AVCILAR,AMBARLI,263
AVCILAR,CIHANGIR,605
AVCILAR,DENIZKOSKLER,298
AVCILAR,FIRUZKOY,311
AVCILAR,GUMUSPALA,371
AVCILAR,MERKEZ,144
AVCILAR,MUSTAFA KEMALPASA,611
AVCILAR,TAHTAKALE,481
AVCILAR,UNIVERSITE,163
AVCILAR,YESILKENT,2392
BAGCILAR,100. YIL,1032
BAGCILAR,15 TEMMUZ,879
BAGCILAR,BAGLAR,112
BAGCILAR,BARBAROS,444
BAGCILAR,CINAR,715
BAGCILAR,DEMIRKAPI,1295
BAGCILAR,FATIH,1422
BAGCILAR,FEVZI CAKMAK,694
BAGCILAR,GOZTEPE,843
BAGCILAR,GUNESLI,562
BAGCILAR,GUNESTEPE,1
BAGCILAR,HURRIYET,262
BAGCILAR,INONU,466
BAGCILAR,ISMETPASA,1
BAGCILAR,KAZIM KARABEKIR,545
BAGCILAR,KEMALPASA,849
BAGCILAR,KIRAZLI,774
BAGCILAR,MAHMUTBEY,309
BAGCILAR,MERKEZ,292
BAGCILAR,MIMAR SINAN,1
BAGCILAR,NINE HATUN,1
BAGCILAR,SANCAKTEPE,249
BAGCILAR,YAVUZ SELIM,525
BAGCILAR,YENIGUN,536
BAGCILAR,YENIMAHALLE,688
BAGCILAR,YILDIZTEPE,994
BAHCELIEVLER,BAHCELIEVLER,71
BAHCELIEVLER,CUMHURIYET,817
BAHCELIEVLER,COBANCESME,490
BAHCELIEVLER,FEVZI CAKMAK,467
BAHCELIEVLER,HURRIYET,1050
BAHCELIEVLER,KOCASINAN MERKEZ,1119
BAHCELIEVLER,KUCUK PIYALE,1
BAHCELIEVLER,MIMAR SINAN,1
BAHCELIEVLER,SIYAVUSPASA,616
BAHCELIEVLER,SOGANLI,1096
BAHCELIEVLER,SIRINEVLER,681
BAHCELIEVLER,UNALAN,1
BAHCELIEVLER,YENIBOSNA MERKEZ,353
BAHCELIEVLER,ZAFER,2265
BAKIRKOY,ATAKOY 1. KISIM,2
BAKIRKOY,ATAKOY 2-5-6. KISIM,2
BAKIRKOY,ATAKOY 3-4-11. KISIM,2
BAKIRKOY,ATAKOY 7-8-9-10. KISIM,11
BAKIRKOY,BASINKOY,20
BAKIRKOY,CEVIZLIK,28
BAKIRKOY,KARTALTEPE,86
BAKIRKOY,OSMANIYE,128
BAKIRKOY,SAKIZAGACI,30
BAKIRKOY,SENLIKKOY,7
BAKIRKOY,YENIMAHALLE,42
BAKIRKOY,YESILKOY,42
BAKIRKOY,YESILYURT,1
BAKIRKOY,ZEYTINLIK,21
BAKIRKOY,ZUHURATBABA,31
BASAKSEHIR,ALTINSEHIR,678
BASAKSEHIR,BAHCESEHIR 1. KISIM,10
BASAKSEHIR,BAHCESEHIR 2. KISIM,101
BASAKSEHIR,BASAK,154
BASAKSEHIR,BASAKSEHIR,157
BASAKSEHIR,GUVERCINTEPE,2502
BASAKSEHIR,KAYABASI,563
BASAKSEHIR,SAHINTEPE,1211
BASAKSEHIR,SAMLAR,9
BASAKSEHIR,ZIYA GOKALP,335
BAYRAMPASA,ALTINTEPSI,322
BAYRAMPASA,CEVATPASA,351
BAYRAMPASA,ISMET PASA,109
BAYRAMPASA,KARTALTEPE,471
BAYRAMPASA,KOCATEPE,184
BAYRAMPASA,MURATPASA,424
BAYRAMPASA,ORTA,302
BAYRAMPASA,TERAZIDERE,175
BAYRAMPASA,VATAN,240
BAYRAMPASA,YENIDOGAN,231
BAYRAMPASA,YILDIRIM,351
BESIKTAS,ABBASAGA,13
BESIKTAS,AKAT,14
BESIKTAS,ARNAVUTKOY,11
BESIKTAS,BALMUMCU,1
BESIKTAS,BEBEK,4
BESIKTAS,CIHANNUMA,8
BESIKTAS,DIKILITAS,23
BESIKTAS,GAYRETTEPE,11
BESIKTAS,KONAKLAR,5
BESIKTAS,KURUCESME,11
BESIKTAS,KULTUR,3
BESIKTAS,LEVAZIM,1
BESIKTAS,LEVENT,1
BESIKTAS,MECIDIYE,44
BESIKTAS,MURADIYE,6
BESIKTAS,NISBETIYE,3
BESIKTAS,ORTAKOY,29
BESIKTAS,SINANPASA,9
BESIKTAS,TURKALI,31
BESIKTAS,ULUS,16
BESIKTAS,VISNEZADE,16
BESIKTAS,YILDIZ,5
BEYKOZ,AKBABA,13
BEYKOZ,ALIBAHADIR,8
BEYKOZ,ANADOLU HISARI,11
BEYKOZ,ANADOLU KAVAGI,5
BEYKOZ,ANADOLUFENERI,8
BEYKOZ,BAKLACI,21
BEYKOZ,BOZHANE,3
BEYKOZ,CUMHURIYET,13
BEYKOZ,CAMLIBAHCE,90
BEYKOZ,CENGELDERE,54
BEYKOZ,CIFTLIK,59
BEYKOZ,CIGDEM,126
BEYKOZ,CUBUKLU,164
BEYKOZ,DERESEKI,21
BEYKOZ,ELMALI,23
BEYKOZ,FATIH,39
BEYKOZ,GOKSU,8
BEYKOZ,GOLLU,1
BEYKOZ,GORELE,9
BEYKOZ,GOZTEPE,15
BEYKOZ,GUMUSSUYU,102
BEYKOZ,INCIRKOY,227
BEYKOZ,ISHAKLI,9
BEYKOZ,KANLICA,5
BEYKOZ,KAVACIK,105
BEYKOZ,KAYNARCA,10
BEYKOZ,KILICLI,5
BEYKOZ,MAHMUTSEVKETPASA,14
BEYKOZ,MERKEZ,47
BEYKOZ,ORTACESME,117
BEYKOZ,OGUMCE,5
BEYKOZ,ORNEKKOY,44
BEYKOZ,PASABAHCE,28
BEYKOZ,PASAMANDIRA,6
BEYKOZ,POYRAZKOY,10
BEYKOZ,RIVA,12
BEYKOZ,RUZGARLIBAHCE,123
BEYKOZ,SOGUKSU,137
BEYKOZ,TOKATKOY,241
BEYKOZ,YALIKOY,54
BEYKOZ,YAVUZ SELIM,30
BEYKOZ,YENI MAHALLE,316
BEYKOZ,ZERZAVATCI,10
BEYLIKDUZU,ADNAN KAHVECI,321
BEYLIKDUZU,BARIS,144
BEYLIKDUZU,BUYUKSEHIR,86
BEYLIKDUZU,CUMHURIYET,28
BEYLIKDUZU,DEREAGZI,139
BEYLIKDUZU,GURPINAR,248
BEYLIKDUZU,KAVAKLI,358
BEYLIKDUZU,MARMARA,113
BEYLIKDUZU,SAHIL,19
BEYLIKDUZU,SIYAVUSPASA,1
BEYLIKDUZU,YAKUPLU,722
BEYOGLU,ASMALI MESCIT,4
BEYOGLU,BEDRETTIN,10
BEYOGLU,BOSTAN,145
BEYOGLU,BULBUL,187
BEYOGLU,CAMIIKEBIR,82
BEYOGLU,CIHANGIR,5
BEYOGLU,CATMA MESCIT,18
BEYOGLU,CUKUR,145
BEYOGLU,EMEKYEMEZ,2
BEYOGLU,FETIHTEPE,402
BEYOGLU,FIRUZAGA,24
BEYOGLU,GUMUSSUYU,5
BEYOGLU,HACIAHMET,853
BEYOGLU,HACIMIMI,17
BEYOGLU,HALICIOGLU,111
BEYOGLU,HUSEYINAGA,9
BEYOGLU,ISTIKLAL,300
BEYOGLU,KADIMEHMET EFENDI,166
BEYOGLU,KALYONCU KULLUGU,106
BEYOGLU,KAMER HATUN,16
BEYOGLU,KAPTANPASA,549
BEYOGLU,KATIPMUSTAFA CELEBI,3
BEYOGLU,KECECI PIRI,252
BEYOGLU,KILICALI PASA,10
BEYOGLU,KOCATEPE,30
BEYOGLU,KULAKSIZ,199
BEYOGLU,KULOGLU,5
BEYOGLU,KUCUK PIYALE,174
BEYOGLU,MUEYYETZADE,2
BEYOGLU,OMER AVNI,1
BEYOGLU,ORNEKTEPE,329
BEYOGLU,PIRIPASA,228
BEYOGLU,PIYALEPASA,666
BEYOGLU,PURTELAS HASAN EFENDI,2
BEYOGLU,SURURI MEHMET EFENDI,137
BEYOGLU,SUTLUCE,129
BEYOGLU,SAHKULU,2
BEYOGLU,SEHIT MUHTAR,33
BEYOGLU,TOMTOM,32
BEYOGLU,TURGUT OZAL,1
BEYOGLU,YAHYA KAHYA,77
BEYOGLU,YENISEHIR,307
BUYUKCEKMECE,19 MAYIS,66
BUYUKCEKMECE,AHMEDIYE,18
BUYUKCEKMECE,ATATURK,125
BUYUKCEKMECE,BAHCELIEVLER,25
BUYUKCEKMECE,CELALIYE,117
BUYUKCEKMECE,CUMHURIYET,35
BUYUKCEKMECE,CAKMAKLI,34
BUYUKCEKMECE,DIZDARIYE,102
BUYUKCEKMECE,EKINOBA,101
BUYUKCEKMECE,FATIH,100
BUYUKCEKMECE,GUZELCE,32
BUYUKCEKMECE,HURRIYET,452
BUYUKCEKMECE,KAMILOBA,130
BUYUKCEKMECE,KARAAGAC,19
BUYUKCEKMECE,KUMBURGAZ,141
BUYUKCEKMECE,MIMAROBA,84
BUYUKCEKMECE,MIMARSINAN,271
BUYUKCEKMECE,MURAT CESME,258
BUYUKCEKMECE,PINARTEPE,146
BUYUKCEKMECE,SINANOBA,38
BUYUKCEKMECE,TURKOBA,228
BUYUKCEKMECE,ULUS,365
BUYUKCEKMECE,YENIMAHALLE,28
CATALCA,ATATURK,10
CATALCA,AYDINLAR,6
CATALCA,BAHSAYIS,19
CATALCA,BASAK,6
CATALCA,BELGRAT,6
CATALCA,CELEPKOY,4
CATALCA,CAKIL,30
CATALCA,CANAKCA,8
CATALCA,CIFTLIKKOY,11
CATALCA,DAGYENICE,8
CATALCA,ELBASAN,4
CATALCA,FATIH,20
CATALCA,FERHATPASA,237
CATALCA,GOKCEALI,11
CATALCA,GUMUSPINAR,8
CATALCA,HALLACLI,10
CATALCA,HISARBEYLI,6
CATALCA,IHSANIYE,1
CATALCA,INCEGIZ,2
CATALCA,IZZETTIN,2
CATALCA,KABAKCA,8
CATALCA,KALEICI,192
CATALCA,KALFA,7
CATALCA,KARACAKOY MERKEZ,91
CATALCA,KARAMANDERE,14
CATALCA,KESTANELIK,27
CATALCA,KIZILCAALI,1
CATALCA,MURATBEY MERKEZ,6
CATALCA,NAKKAS,4
CATALCA,OKLALI,29
CATALCA,ORMANLI,46
CATALCA,OVAYENICE,5
CATALCA,ORCUNLU,2
CATALCA,ORENCIK,4
CATALCA,SUBASI,3
CATALCA,YALIKOY,10
CATALCA,YAZLIK,1
CEKMEKOY,ALEMDAG,63
CEKMEKOY,AYDINLAR,572
CEKMEKOY,CUMHURIYET,348
CEKMEKOY,CAMLIK,274
CEKMEKOY,CATALMESE,236
CEKMEKOY,EKSIOGLU,117
CEKMEKOY,GULSUYU,1
CEKMEKOY,GUNGOREN,116
CEKMEKOY,HAMIDIYE,421
CEKMEKOY,HUSEYINLI,3
CEKMEKOY,KIRAZLIDERE,127
CEKMEKOY,KOCULLU,10
CEKMEKOY,MEHMET AKIF,563
CEKMEKOY,MERKEZ,277
CEKMEKOY,MIMAR SINAN,210
CEKMEKOY,NISANTEPE,324
CEKMEKOY,OMERLI,77
CEKMEKOY,RESADIYE,14
CEKMEKOY,SIRAPINAR,4
CEKMEKOY,SOGUKPINAR,195
CEKMEKOY,SULTANCIFTLIGI,121
CEKMEKOY,TASDELEN,65
ESENLER,15 TEMMUZ,4
ESENLER,BIRLIK,645
ESENLER,CINAR,2
ESENLER,CIFTE HAVUZLAR,44
ESENLER,DAVUTPASA,225
ESENLER,FATIH,1114
ESENLER,FEVZI CAKMAK,567
ESENLER,HAVAALANI,610
ESENLER,HURRIYET,1
ESENLER,KAZIM KARABEKIR,918
ESENLER,KEMER,531
ESENLER,MEHTERCESME,1
ESENLER,MENDERES,637
ESENLER,MIMAR SINAN,133
ESENLER,NAMIK KEMAL,216
ESENLER,NINE HATUN,915
ESENLER,ORUCREIS,1226
ESENLER,TUNA,974
ESENLER,TURGUT REIS,991
ESENLER,YAVUZ SELIM,43
ESENYURT,0,1
ESENYURT,AKCABURGAZ,442
ESENYURT,AKEVLER,74
ESENYURT,AKSEMSEDDIN,129
ESENYURT,ARDICLI,127
ESENYURT,ASIK VEYSEL,24
ESENYURT,ATATURK,374
ESENYURT,BAGLARCESME,890
ESENYURT,BALIKYOLU,921
ESENYURT,BARBAROS HAYRETTIN PASA,177
ESENYURT,BATTALGAZI,534
ESENYURT,CUMHURIYET,39
ESENYURT,CINAR,967
ESENYURT,ESENKENT,9
ESENYURT,FATIH,787
ESENYURT,GOKEVLER,41
ESENYURT,GUZELYURT,180
ESENYURT,HURRIYET,981
ESENYURT,INCIRTEPE,774
ESENYURT,INONU,720
ESENYURT,ISTIKLAL,402
ESENYURT,KOZA,15
ESENYURT,MEHMET AKIF ERSOY,383
ESENYURT,MEHTERCESME,755
ESENYURT,MEVLANA,39
ESENYURT,NAMIK KEMAL,354
ESENYURT,NECIP FAZIL KISAKUREK,647
ESENYURT,ORHAN GAZI,231
ESENYURT,OSMANGAZI,424
ESENYURT,ORNEK,359
ESENYURT,PINAR,1441
ESENYURT,PIRI REIS,72
ESENYURT,SAADETDERE,374
ESENYURT,SELAHADDIN EYYUBI,1055
ESENYURT,SULTANIYE,498
ESENYURT,SULEYMANIYE,830
ESENYURT,SEHITLER,422
ESENYURT,TALATPASA,751
ESENYURT,TURGUT OZAL,278
ESENYURT,UCEVLER,772
ESENYURT,YENI,1
ESENYURT,YENIKENT,477
ESENYURT,YESILKENT,540
ESENYURT,YUNUS EMRE,563
ESENYURT,ZAFER,115
EYUPSULTAN,0,2
EYUPSULTAN,AGACLI,5
EYUPSULTAN,AKPINAR,13
EYUPSULTAN,AKSEMSETTIN,585
EYUPSULTAN,ALIBEYKOY,165
EYUPSULTAN,CIRCIR,490
EYUPSULTAN,DEFTERDAR,72
EYUPSULTAN,DUGMECILER,172
EYUPSULTAN,EMNIYETTEPE,96
EYUPSULTAN,ESENTEPE,446
EYUPSULTAN,GOKTURK MERKEZ,104
EYUPSULTAN,GUZELTEPE,559
EYUPSULTAN,ISLAMBEY,286
EYUPSULTAN,KARADOLAP,451
EYUPSULTAN,MERKEZ,193
EYUPSULTAN,MIMAR SINAN,16
EYUPSULTAN,MITHATPASA,25
EYUPSULTAN,NISANCI,207
EYUPSULTAN,ODAYERI,1
EYUPSULTAN,PIRINCCI,76
EYUPSULTAN,RAMI CUMA,147
EYUPSULTAN,RAMI YENI,169
EYUPSULTAN,SAKARYA,199
EYUPSULTAN,SILAHTARAGA,180
EYUPSULTAN,SIYAVUSPASA,1
EYUPSULTAN,TOPCULAR,48
EYUPSULTAN,YESILPINAR,511
FATIH,AKSARAY,231
FATIH,AKSEMSETTIN,175
FATIH,ALEMDAR,3
FATIH,ALI KUSCU,121
FATIH,ATIKALI,244
FATIH,AYVANSARAY,646
FATIH,BALAT,301
FATIH,BINBIRDIREK,1
FATIH,CANKURTARAN,29
FATIH,CERRAHPASA,84
FATIH,CIBALI,347
FATIH,DEMIRTAS,20
FATIH,DERVIS ALI,506
FATIH,EMIN SINAN,13
FATIH,HACI KADIN,14
FATIH,HASEKI SULTAN,79
FATIH,HIRKA-I SERIF,411
FATIH,HOCA GIYASETTIN,57
FATIH,HOCAPASA,1
FATIH,ISKENDERPASA,190
FATIH,KALENDERHANE,7
FATIH,KARAGUMRUK,381
FATIH,KATIP KASIM,63
FATIH,KEMALPASA,2
FATIH,KOCA MUSTAFAPASA,392
FATIH,KUCUK AYASOFYA,31
FATIH,MEVLANAKAPI,333
FATIH,MIMAR HAYRETTIN,19
FATIH,MIMAR KEMALETTIN,3
FATIH,MOLLA GURANI,81
FATIH,MOLLA HUSREV,15
FATIH,MUHSINE HATUN,108
FATIH,NISANCA,241
FATIH,SARAC ISHAK,30
FATIH,SEYYID OMER,270
FATIH,SILIVRIKAPI,225
FATIH,SULTAN AHMET,9
FATIH,SULTANCIFTLIGI,1
FATIH,SULEYMANIYE,4
FATIH,SUMBUL EFENDI,340
FATIH,SEHREMINI,156
FATIH,SEHSUVAR BEY,55
FATIH,TOPKAPI,83
FATIH,YAVUZ SINAN,19
FATIH,YAVUZ SULTAN SELIM,403
FATIH,YEDIKULE,422
FATIH,YILDIRIM,1
FATIH,ZEYREK,379
GAZIOSMANPASA,BAGLARBASI,451
GAZIOSMANPASA,BARBAROS HAYRETTIN PASA,866
GAZIOSMANPASA,FEVZI CAKMAK,341
GAZIOSMANPASA,HURRIYET,287
GAZIOSMANPASA,KARADENIZ,1636
GAZIOSMANPASA,KARAYOLLARI,1270
GAZIOSMANPASA,KARLITEPE,229
GAZIOSMANPASA,KAZIM KARABEKIR,1095
GAZIOSMANPASA,MERKEZ,574
GAZIOSMANPASA,MEVLANA,325
GAZIOSMANPASA,PAZARICI,230
GAZIOSMANPASA,SARIGOL,790
GAZIOSMANPASA,SEMSIPASA,317
GAZIOSMANPASA,YENI MAHALLE,897
GAZIOSMANPASA,YENIDOGAN,263
GAZIOSMANPASA,YILDIZTABYA,533
GUNGOREN,ABDURRAHMAN NAFIZ GURMAN,40
GUNGOREN,AKINCILAR,259
GUNGOREN,GENCOSMAN,666
GUNGOREN,GUNESTEPE,1055
GUNGOREN,GUVEN,128
GUNGOREN,HAZNEDAR,120
GUNGOREN,MARESAL CAKMAK,574
GUNGOREN,MEHMET NESIH OZMEN,43
GUNGOREN,MERKEZ,974
GUNGOREN,SANAYI,276
GUNGOREN,TOZKOPARAN,261
KADIKOY,19 MAYIS,18
KADIKOY,ACIBADEM,49
KADIKOY,BOSTANCI,20
KADIKOY,CADDEBOSTAN,5
KADIKOY,CAFERAGA,13
KADIKOY,DUMLUPINAR,88
KADIKOY,EGITIM,138
KADIKOY,ERENKOY,13
KADIKOY,FENERBAHCE,3
KADIKOY,FENERYOLU,7
KADIKOY,FIKIRTEPE,251
KADIKOY,GOZTEPE,16
KADIKOY,HASANPASA,101
KADIKOY,KOSUYOLU,13
KADIKOY,KOZYATAGI,22
KADIKOY,MERDIVENKOY,102
KADIKOY,OSMANAGA,24
KADIKOY,RASIMPASA,77
KADIKOY,SAHRAYICEDIT,35
KADIKOY,SUADIYE,8
KADIKOY,ZUHTUPASA,5
KAGITHANE,CAGLAYAN,724
KAGITHANE,CELIKTEPE,444
KAGITHANE,EMNIYET EVLERI,29
KAGITHANE,GULTEPE,276
KAGITHANE,GURSEL,390
KAGITHANE,GUZELTEPE,1
KAGITHANE,HAMIDIYE,295
KAGITHANE,HARMANTEPE,461
KAGITHANE,HURRIYET,316
KAGITHANE,MEHMET AKIF ERSOY,216
KAGITHANE,MERKEZ,291
KAGITHANE,NURTEPE,363
KAGITHANE,ORTABAYIR,134
KAGITHANE,SEYRANTEPE,197
KAGITHANE,SULTAN SELIM,399
KAGITHANE,SIRINTEPE,443
KAGITHANE,TALATPASA,406
KAGITHANE,TELSIZLER,272
KAGITHANE,YAHYA KEMAL,316
KAGITHANE,YESILCE,143
KARTAL,ATALAR,212
KARTAL,CEVIZLI,326
KARTAL,CUMHURIYET,254
KARTAL,CAVUSOGLU,93
KARTAL,ESENTEPE,301
KARTAL,GUMUSPINAR,434
KARTAL,HURRIYET,677
KARTAL,KARLIKTEPE,272
KARTAL,KAYNARCA,1
KARTAL,KORDONBOYU,22
KARTAL,ORHANTEPE,127
KARTAL,ORTA,172
KARTAL,PETROL IS,152
KARTAL,SOGANLIK YENI,285
KARTAL,TOPSELVI,196
KARTAL,UGUR MUMCU,219
KARTAL,YAKACIK CARSI,190
KARTAL,YAKACIK YENI,337
KARTAL,YALI,185
KARTAL,YUKARI,55
KARTAL,YUNUS,225
KUCUKCEKMECE,ATAKENT,70
KUCUKCEKMECE,ATATURK,1143
KUCUKCEKMECE,BESYOL,12
KUCUKCEKMECE,CENNET,197
KUCUKCEKMECE,CUMHURIYET,631
KUCUKCEKMECE,FATIH,94
KUCUKCEKMECE,FEVZI CAKMAK,238
KUCUKCEKMECE,GULTEPE,209
KUCUKCEKMECE,HALKALI MERKEZ,1054
KUCUKCEKMECE,INONU,1079
KUCUKCEKMECE,ISTASYON,561
KUCUKCEKMECE,KANARYA,2987
KUCUKCEKMECE,KARTALTEPE,151
KUCUKCEKMECE,KEMALPASA,89
KUCUKCEKMECE,KOCASINAN MERKEZ,1
KUCUKCEKMECE,MEHMET AKIF,1464
KUCUKCEKMECE,SOGUTLU CESME,729
KUCUKCEKMECE,SULTAN MURAT,143
KUCUKCEKMECE,TEVFIKBEY,443
KUCUKCEKMECE,YARIMBURGAZ,215
KUCUKCEKMECE,YENI MAHALLE,170
KUCUKCEKMECE,YESILOVA,299
MALTEPE,ALTAYCESME,67
MALTEPE,ALTINTEPE,59
MALTEPE,AYDINEVLER,132
MALTEPE,BAGLARBASI,183
MALTEPE,BASIBUYUK,379
MALTEPE,BUYUKBAKKALKOY,13
MALTEPE,CEVIZLI,189
MALTEPE,CINAR,47
MALTEPE,ESENKENT,283
MALTEPE,FEYZULLAH,47
MALTEPE,FINDIKLI,1177
MALTEPE,GIRNE,105
MALTEPE,GULENSU,329
MALTEPE,GULSUYU,370
MALTEPE,ICERENKOY,1
MALTEPE,IDEALTEPE,37
MALTEPE,INONU,1
MALTEPE,KUCUKYALI MERKEZ,83
MALTEPE,YALI,32
MALTEPE,YENISEHIR,1
MALTEPE,ZUMRUTEVLER,967
PENDIK,AHMET YESEVI,677
PENDIK,BAHCELIEVLER,58
PENDIK,BALLICA,1
PENDIK,BATI,34
PENDIK,CAMCESME,511
PENDIK,CAMLIK,22
PENDIK,CINARDERE,229
PENDIK,DOGU,79
PENDIK,DUMLUPINAR,503
PENDIK,EMIRLI,1
PENDIK,ERTUGRUL GAZI,351
PENDIK,ESENLER,554
PENDIK,ESENYALI,237
PENDIK,FATIH,449
PENDIK,FEVZI CAKMAK,572
PENDIK,GOCBEYLI,19
PENDIK,GULLU BAGLAR,288
PENDIK,GUZELYALI,350
PENDIK,HARMANDERE,35
PENDIK,KAVAKPINAR,1710
PENDIK,KAYNARCA,632
PENDIK,KURNA,17
PENDIK,KURTDOGMUS,1
PENDIK,KURTKOY,331
PENDIK,ORHANGAZI,492
PENDIK,ORTA,72
PENDIK,RAMAZANOGLU,55
PENDIK,SANAYI,70
PENDIK,SAPAN BAGLARI,107
PENDIK,SULUNTEPE,662
PENDIK,SEYHLI,144
PENDIK,VELIBABA,585
PENDIK,YAYALAR,147
PENDIK,YENI,71
PENDIK,YENISEHIR,328
PENDIK,YESILBAGLAR,52
SANCAKTEPE,ABDURRAHMANGAZI,812
SANCAKTEPE,AKPINAR,724
SANCAKTEPE,ATATURK,998
SANCAKTEPE,EMEK,705
SANCAKTEPE,EYUP SULTAN,307
SANCAKTEPE,FATIH,555
SANCAKTEPE,HILAL,197
SANCAKTEPE,INONU,638
SANCAKTEPE,KEMAL TURKLER,624
SANCAKTEPE,MECLIS,438
SANCAKTEPE,MERVE,454
SANCAKTEPE,MEVLANA,751
SANCAKTEPE,OSMANGAZI,1090
SANCAKTEPE,PASAKOY,77
SANCAKTEPE,SAFA,583
SANCAKTEPE,SARIGAZI,584
SANCAKTEPE,VEYSEL KARANI,685
SANCAKTEPE,YENIDOGAN,546
SANCAKTEPE,YUNUS EMRE,788
SARIYER,AYAZAGA,346
SARIYER,BAHCEKOY KEMER,10
SARIYER,BAHCEKOY MERKEZ,13
SARIYER,BAHCEKOY YENI,21
SARIYER,BALTALIMANI,82
SARIYER,BUYUKDERE,51
SARIYER,CUMHURIYET,113
SARIYER,CAMLITEPE,71
SARIYER,CAYIRBASI,149
SARIYER,DARUSSAFAKA,11
SARIYER,DEMIRCIKOY,1
SARIYER,EMIRGAN,54
SARIYER,FATIH SULTAN MEHMET,208
SARIYER,FERAHEVLER,108
SARIYER,GARIPCE,4
SARIYER,GUMUSDERE,21
SARIYER,HUZUR,36
SARIYER,ISTINYE,66
SARIYER,KAZIM KARABEKIR PASA,72
SARIYER,KISIRKAYA,3
SARIYER,KIRECBURNU,39
SARIYER,KOCATAS,46
SARIYER,KUMKOY (KILYOS),22
SARIYER,MADEN,99
SARIYER,MASLAK,4
SARIYER,PINAR,126
SARIYER,POLIGON,36
SARIYER,PTT EVLERI,34
SARIYER,RESITPASA,90
SARIYER,RUMELIFENERI,9
SARIYER,RUMELIHISARI,36
SARIYER,RUMELIKAVAGI,40
SARIYER,SARIYER MERKEZ,74
SARIYER,TARABYA,69
SARIYER,USKUMRUKOY,13
SARIYER,YENI,15
SARIYER,YENIKOY,37
SARIYER,ZEKERIYAKOY,12
SILIVRI,AKOREN,5
SILIVRI,ALIBEY,117
SILIVRI,ALIPASA,2
SILIVRI,BALABAN,29
SILIVRI,BEKIRLI,1
SILIVRI,BEYCILER,4
SILIVRI,BUYUK CAVUSLU,34
SILIVRI,BUYUK KILICLI,9
SILIVRI,BUYUK SINEKLI,3
SILIVRI,CUMHURIYET,70
SILIVRI,CAYIRDERE,6
SILIVRI,CELTIK,4
SILIVRI,DANAMANDIRA,7
SILIVRI,FATIH,128
SILIVRI,FENER,2
SILIVRI,FEVZIPASA,10
SILIVRI,GAZITEPE,8
SILIVRI,GUMUSYAKA,76
SILIVRI,HURRIYET,8
SILIVRI,ISMETPASA,5
SILIVRI,KADIKOY,11
SILIVRI,KAVAKLI,16
SILIVRI,KURFALLI,1
SILIVRI,KUCUK KILICLI,1
SILIVRI,MIMAR SINAN,379
SILIVRI,ORTAKOY,41
SILIVRI,PIRI MEHMET PASA,54
SILIVRI,SANCAKTEPE,66
SILIVRI,SAYALAR,1
SILIVRI,SELIMPASA,188
SILIVRI,SEMIZKUMLAR,21
SILIVRI,SEYMEN,4
SILIVRI,YENI,351
SILIVRI,YOLCATI,2
SULTANBEYLI,ABDURRAHMANGAZI,678
SULTANBEYLI,ADIL,697
SULTANBEYLI,AHMET YESEVI,1004
SULTANBEYLI,AKSEMSETTIN,464
SULTANBEYLI,BATTALGAZI,1317
SULTANBEYLI,FATIH,892
SULTANBEYLI,HAMIDIYE,1183
SULTANBEYLI,HASANPASA,527
SULTANBEYLI,MECIDIYE,813
SULTANBEYLI,MEHMET AKIF,728
SULTANBEYLI,MIMAR SINAN,865
SULTANBEYLI,NECIP FAZIL,833
SULTANBEYLI,ORHANGAZI,748
SULTANBEYLI,TURGUT REIS,501
SULTANBEYLI,YAVUZ SELIM,914
SULTANGAZI,50. YIL,1822
SULTANGAZI,75. YIL,749
SULTANGAZI,CEBECI,1082
SULTANGAZI,CUMHURIYET,138
SULTANGAZI,ESENTEPE,2108
SULTANGAZI,ESKI HABIPLER,91
SULTANGAZI,GAZI,904
SULTANGAZI,HABIBLER,187
SULTANGAZI,ISMETPASA,1755
SULTANGAZI,MALKOCOGLU,254
SULTANGAZI,SULTANCIFTLIGI,803
SULTANGAZI,UGUR MUMCU,650
SULTANGAZI,YAYLA,145
SULTANGAZI,YUNUS EMRE,1580
SULTANGAZI,ZUBEYDE HANIM,1063
SILE,AGVA MERKEZ,20
SILE,AHMETLI,17
SILE,AKCAKESE,1
SILE,ALACALI,2
SILE,AVCIKORU,1
SILE,BALIBEY,36
SILE,BICKIDERE,2
SILE,BUCAKLI,2
SILE,CATAKLI,2
SILE,CAVUS,103
SILE,CAYIRBASI,10
SILE,CELEBI,2
SILE,CENGILLI,1
SILE,DEGIRMENCAYIRI,2
SILE,DOGANCILI,4
SILE,ESENCELI,1
SILE,GEREDELI,3
SILE,GOCE,48
SILE,GOKMASLI,1
SILE,GOKSU,2
SILE,HACI KASIM,9
SILE,HACILLI,2
SILE,HASANLI,4
SILE,IMRENLI,1
SILE,KABAKOZ,1
SILE,KALEM,2
SILE,KARABEYLI,3
SILE,KERVANSARAY,2
SILE,KIZILCA,2
SILE,KUMBABA,4
SILE,KURNA,3
SILE,OVACIK,1
SILE,SAHILKOY,1
SILE,SATMAZLI,1
SILE,SOFULAR,1
SILE,SORTULLU,3
SILE,SUAYIPLI,1
SILE,TEKE,3
SILE,ULUPELIT,1
SILE,UVEZLI,1
SILE,YAKA,1
SILE,YAZIMANAYIR,1
SILE,YENIKOY,1
SILE,YESILVADI,1
SISLI,19 MAYIS,39
SISLI,BOZKURT,22
SISLI,CUMHURIYET,6
SISLI,DUATEPE,21
SISLI,ERGENEKON,10
SISLI,ESENTEPE,9
SISLI,ESKISEHIR,205
SISLI,FERIKOY,60
SISLI,FULYA,25
SISLI,GULBAHAR,153
SISLI,HALASKARGAZI,1
SISLI,HALIDE EDIP ADIVAR,113
SISLI,HALIL RIFAT PASA,4
SISLI,HARBIYE,1
SISLI,INONU,26
SISLI,IZZET PASA,129
SISLI,KAPTANPASA,3
SISLI,KUSTEPE,1008
SISLI,MAHMUT SEVKET PASA,566
SISLI,MECIDIYEKOY,99
SISLI,MERKEZ,20
SISLI,MESRUTIYET,12
SISLI,PASA,284
SISLI,TESVIKIYE,7
SISLI,YAYLA,288
TUZLA,AKFIRAT,21
TUZLA,ANADOLU,8
TUZLA,AYDINLI,758
TUZLA,AYDINTEPE,246
TUZLA,CAMI,15
TUZLA,EVLIYA CELEBI,68
TUZLA,FATIH,4
TUZLA,ICMELER,204
TUZLA,ISTASYON,78
TUZLA,MESCIT,33
TUZLA,MIMAR SINAN,534
TUZLA,ORHANLI,14
TUZLA,ORTA,110
TUZLA,POSTANE,42
TUZLA,SIFA,588
TUZLA,TEPEOREN,22
TUZLA,YAYLA,186
UMRANIYE,ADEM YAVUZ,307
UMRANIYE,ALTINSEHIR,430
UMRANIYE,ARMAGANEVLER,362
UMRANIYE,ASAGI DUDULLU,198
UMRANIYE,ATAKENT,84
UMRANIYE,ATATURK,151
UMRANIYE,CEMIL MERIC,586
UMRANIYE,CAKMAK,371
UMRANIYE,CAMLIK,198
UMRANIYE,DUDULLU OSB,1
UMRANIYE,DUMLUPINAR,361
UMRANIYE,ELMALIKENT,396
UMRANIYE,ESENEVLER,179
UMRANIYE,ESENKENT,562
UMRANIYE,ESENSEHIR,464
UMRANIYE,FATIH SULTAN MEHMET,8
UMRANIYE,FINANSKENT,6
UMRANIYE,HEKIMBASI,160
UMRANIYE,HUZUR,260
UMRANIYE,IHLAMURKUYU,294
UMRANIYE,INKILAP,542
UMRANIYE,ISTIKLAL,449
UMRANIYE,KAZIM KARABEKIR,321
UMRANIYE,MADENLER,77
UMRANIYE,MEHMET AKIF,92
UMRANIYE,NAMIK KEMAL,285
UMRANIYE,NECIP FAZIL,304
UMRANIYE,PARSELLER,249
UMRANIYE,SARIGAZI,1
UMRANIYE,SITE,98
UMRANIYE,SERIFALI,47
UMRANIYE,TANTAVI,36
UMRANIYE,TATLISU,58
UMRANIYE,TEPEUSTU,186
UMRANIYE,TOPAGACI,459
UMRANIYE,YAMANEVLER,132
UMRANIYE,YENISEHIR,208
UMRANIYE,YUKARI DUDULLU,418
USKUDAR,ACIBADEM,16
USKUDAR,AHMEDIYE,62
USKUDAR,ALTUNIZADE,4
USKUDAR,AZIZ MAHMUT HUDAYI,38
USKUDAR,BAHCELIEVLER,173
USKUDAR,BARBAROS,59
USKUDAR,BEYLERBEYI,23
USKUDAR,BULGURLU,104
USKUDAR,BURHANIYE,131
USKUDAR,CUMHURIYET,231
USKUDAR,CENGELKOY,91
USKUDAR,FERAH,216
USKUDAR,GUZELTEPE,101
USKUDAR,ICADIYE,82
USKUDAR,KANDILLI,1
USKUDAR,KISIKLI,126
USKUDAR,KIRAZLITEPE,138
USKUDAR,KULELI,15
USKUDAR,KUZGUNCUK,22
USKUDAR,KUCUK CAMLICA,60
USKUDAR,KUCUKSU,78
USKUDAR,KUPLUCE,265
USKUDAR,MEHMET AKIF ERSOY,338
USKUDAR,MIMAR SINAN,143
USKUDAR,MURATREIS,132
USKUDAR,SALACAK,29
USKUDAR,SELAMI ALI,239
USKUDAR,SELIMIYE,34
USKUDAR,SULTANTEPE,42
USKUDAR,UNALAN,391
USKUDAR,VALIDE-I ATIK,209
USKUDAR,YAVUZTURK,911
USKUDAR,ZEYNEP KAMIL,147
ZEYTINBURNU,BESTELSIZ,445
ZEYTINBURNU,CIRPICI,669
ZEYTINBURNU,GOKALP,320
ZEYTINBURNU,KAZLICESME,10
ZEYTINBURNU,MERKEZEFENDI,278
ZEYTINBURNU,NURIPASA,344
ZEYTINBURNU,SEYITNIZAM,368
ZEYTINBURNU,SUMER,397
ZEYTINBURNU,TELSIZ,587
ZEYTINBURNU,VELIEFENDI,585
ZEYTINBURNU,YENIDOGAN,98
ZEYTINBURNU,YESILTEPE,435
